Date Available Online,LCDS Author,Paper Title,Journal Name,Publication Type,Citation Count,Country,DOI,Year
2021-12-14,Alice Reid,75 years of <i>Population Studies</i>: A diamond anniversary special issue,Population Studies,Journal Article,0,Global,https://doi.org/10.1080/00324728.2021.2006440,2021
2024-06-14,Rob Salguero-Gómez,9. My Family and Other Animals:,Human Evolutionary Demography,Journal Article,0,Global,https://doi.org/10.11647/obp.0251.09,2024
2023-10-07,Kayla Schulte,A cross-sectional study of inequalities in digital air pollution information access and exposure reducing behavior uptake in the UK,Environment International,Journal Article,10,Global,https://doi.org/10.1016/j.envint.2023.108236,2023
2022-05-10,"Jiaxin Shi, José Manuel Aburto",A distributional approach to measuring lifespan stratification,Population Studies,Journal Article,13,Global,https://doi.org/10.1080/00324728.2022.2057576,2022
2025-06-20,Édith Darin,Advances in Small Area Population Estimation in the Absence of National Census Data,Preprint,Preprint,0,Global,https://doi.org/10.20944/preprints202506.1625.v1,2025
2025-05-20,Kayla Schulte,Advancing participatory sensing and knowledge production methods for city air quality governance: Applying the Breathe London Community Programme model,Environmental Science &amp; Policy,Journal Article,6,Global,https://doi.org/10.1016/j.envsci.2025.104092,2025
2025-04-26,Aashish Gupta,A gender gap in happiness: Documenting a puzzle from Indian survey data,Preprint,Preprint,0,Global,https://doi.org/10.31235/osf.io/yvbmd_v1,2025
2026-09-24,José Manuel Aburto,Age trajectories of infant mortality among Palestinian refugees born in 2010–2020: evidence from electronic health records,Preprint,Preprint,0,Global,https://doi.org/10.64898/2026.09.22.26363685,2026
2023-02-03,José Manuel Aburto,A global assessment of the impact of violence on lifetime uncertainty,Science Advances,Journal Article,21,Global,https://doi.org/10.1126/sciadv.add9038,2023
2025-08-29,Rob Salguero-Gómez,A global map of wood density,Preprint,Preprint,3,Global,https://doi.org/10.1101/2025.08.25.671920,2025
2019-12-10,Bent Nielsen,A Likelihood Approach to Bornhuetter–Ferguson Analysis,Risks,Journal Article,3,Global,https://doi.org/10.3390/risks7040119,2019
2023-07-14,Alice Reid,A longitudinal area classification of migration in Great Britain: Testing the application of Group‐Based Multi‐Trajectory Modelling,"Population, Space and Place",Journal Article,0,Global,https://doi.org/10.1002/psp.2694,2023
2021-02-08,Ben Elbers,A Method for Studying Differences in Segregation Across Time and Space,Sociological Methods &amp; Research,Journal Article,51,Global,https://doi.org/10.1177/0049124121986204,2021
2024-11-05,Antonino Polizzi,An integrated formal demographic fertility framework,Preprint,Preprint,0,Global,https://doi.org/10.31235/osf.io/mr726,2024
2022-11-18,Kayla Schulte,An Online Interactive Dashboard to Explore Personal Exposure to Air Pollution,Findings,Journal Article,2,Global,https://doi.org/10.32866/001c.49875,2022
2022-09-06,Rob Salguero-Gómez,A note on discretising Keyfitz entropy,Preprint,Preprint,0,Global,https://doi.org/10.1101/2022.09.05.506601,2022
2024-10-29,Rob Salguero-Gómez,Antecedent Effect Models as an Exploratory Tool to Link Climate Drivers to Herbaceous Perennial Population Dynamics Data,Ecology and Evolution,Journal Article,1,Global,https://doi.org/10.1002/ece3.70484,2024
2026-09-07,Rob Salguero-Gómez,A physics-informed hybrid deep learning model for spatiotemporal rice disease prediction using multi-source data,Preprint,Preprint,0,Global,https://doi.org/10.64898/2026.09.03.749105,2026
2021-09-24,"Jonas Schöley, José Manuel Aburto",A radically simple way to monitor life expectancy,Preprint,Preprint,0,Global,https://doi.org/10.31219/osf.io/g9mxt,2021
2025-06-01,Rob Salguero-Gómez,Assessing limits of sustainable seed harvest in wild plant populations,Conservation Biology,Journal Article,7,Global,https://doi.org/10.1111/cobi.70075,2025
2022-01-10,Aashish Gupta,Assessing mortality registration in Kerala: the MARANAM study,Genus,Journal Article,6,Global,https://doi.org/10.1186/s41118-021-00149-z,2022
2023-06-21,Rob Salguero-Gómez,A standard protocol to report discrete stage‐structured demographic information,Methods in Ecology and Evolution,Journal Article,15,Global,https://doi.org/10.1111/2041-210x.14164,2023
2023-07-03,Rob Salguero-Gómez,A unified framework to identify demographic buffering in natural populations,Preprint,Preprint,2,Global,https://doi.org/10.1101/2023.07.03.547528,2023
2024-04-06,Rob Salguero-Gómez,A unified framework to quantify demographic buffering in natural populations,Preprint,Preprint,0,Global,https://doi.org/10.22541/au.171245481.13371479/v1,2024
2020-06-23,José Manuel Aburto,"Besides population age structure, health and other demographic factors can contribute to understanding the COVID-19 burden",Proceedings of the National Academy of Sciences,Journal Article,97,Global,https://doi.org/10.1073/pnas.2008760117,2020
2026-03-27,José Manuel Aburto,Beyond COVID-19 Deaths: Cause-Specific Analysis of Excess Mortality in Russia,Preprint,Preprint,0,Global,https://doi.org/10.64898/2026.03.23.26349084,2026
2023-01-26,Rob Salguero-Gómez,Beyond mean fitness: Demographic stochasticity and resilience matter at tree species climatic edges,Global Ecology and Biogeography,Journal Article,13,Global,https://doi.org/10.1111/geb.13640,2023
2026-01-17,Rob Salguero-Gómez,Beyond species means – the intraspecific contribution to global wood density variation,New Phytologist,Journal Article,20,Global,https://doi.org/10.1111/nph.70860,2026
2023-07-25,Rob Salguero-Gómez,Beyond the Fast-Slow Continuum of Life Histories,Preprint,Preprint,0,Global,https://doi.org/10.22541/au.169029175.51225048/v1,2023
2025-12-06,Rob Salguero-Gómez,"Biodiversity research requires more motors in air, water and on land",Methods in Ecology and Evolution,Journal Article,3,Global,https://doi.org/10.1111/2041-210x.70217,2025
2021-10-21,Alice Reid,Biosocial life‐course factors associated with women's early marriage in rural India: The prospective longitudinal Pune Maternal Nutrition Study,American Journal of Biological Anthropology,Journal Article,16,Global,https://doi.org/10.1002/ajpa.24408,2021
2022-02-24,"Jonas Schöley, José Manuel Aburto",Bounce backs amid continued losses: Life expectancy changes since COVID-19,Preprint,Preprint,13,Global,https://doi.org/10.1101/2022.02.23.22271380,2022
2023-09-07,Édith Darin,Building footprint data for countries in Africa: to what extent are existing data products comparable?,Preprint,Preprint,1,Global,https://doi.org/10.21203/rs.3.rs-3334423/v1,2023
2019-09-27,Jonas Schöley,"But Why? Design choices made while creating ""Regional population structures at a glance""",Preprint,Preprint,0,Global,https://doi.org/10.31219/osf.io/qt47d,2019
2020-05-19,Aashish Gupta,"Caste, Religion, and Mental Health in India",Population Research and Policy Review,Journal Article,43,Global,https://doi.org/10.1007/s11113-020-09585-9,2020
2022-03-25,Bent Nielsen,Causal Transmission in Reduced-Form Models,Econometrics,Journal Article,3,Global,https://doi.org/10.3390/econometrics10020014,2022
2024-03-06,Jonas Schöley,Cause-Specific Excess Mortality in the US During the COVID-19 Pandemic,Preprint,Preprint,3,Global,https://doi.org/10.1101/2024.03.05.24303783,2024
2023-07-22,José Manuel Aburto,Changes in fertility in the wake of the homicide surge in Mexico,Preprint,Preprint,2,Global,https://doi.org/10.31235/osf.io/mf9eb,2023
2026-01-30,Jonas Schöley,Changes in Spatial Access to Obstetric Care in Germany from 2014 to 2024: A Nationwide Travel Time Analysis,Preprint,Preprint,0,Global,https://doi.org/10.64898/2026.01.29.26345103,2026
2024-04-10,Antonino Polizzi,Changing Kinship Structures in East and West Germany Before and After Reunification,Preprint,Preprint,1,Global,https://doi.org/10.31235/osf.io/6bf7k,2024
2022-11-30,Ben Elbers,changing structure of school to work transition in Brazil,Civitas: revista de Ciências Sociais,Journal Article,1,Global,https://doi.org/10.15448/1984-7289.2022.1.42040,2022
2023-12-12,Rob Salguero-Gómez,Climate change has desynchronized insect and vegetation phenologies across Europe,Preprint,Preprint,0,Global,https://doi.org/10.1101/2023.12.11.571152,2023
2025-09-29,Kayla Schulte,Co-creating Public Air Quality Displays for the AWAIR Project by Leveraging Artistic Boundary Objects,Preprint,Preprint,0,Global,https://doi.org/10.31235/osf.io/4z9sk_v1,2025
2024-10-30,Alice Reid,Coding Historical Causes of Death Data with Large Language Models,Lecture Notes in Computer Science,Journal Article,4,Global,https://doi.org/10.1007/978-3-031-73741-1_3,2024
2022-05-23,José Manuel Aburto,Coding of Obesity-related Mortality Impacts Estimates of Obesity on U.S. Life Expectancy,Preprint,Preprint,2,Global,https://doi.org/10.1101/2022.05.16.22275140,2022
2024-12-04,Rob Salguero-Gómez,Conceptualising ecology to support more theory‐driven research,Journal of Animal Ecology,Journal Article,2,Global,https://doi.org/10.1111/1365-2656.14206,2024
2026-08-27,Rob Salguero-Gómez,Context‐engineering large language models for scalable structured metadata extraction in ecological literature reviews,Methods in Ecology and Evolution,Journal Article,1,Global,https://doi.org/10.1111/2041-210x.70403,2026
2023-06-27,José Manuel Aburto,Contributions of age groups and causes of death to the sex gap in lifespan variation in Europe,Population Studies,Journal Article,16,Global,https://doi.org/10.1080/00324728.2023.2222723,2023
2020-03-17,José Manuel Aburto,COVID-19 in unequally ageing European regions,Preprint,Preprint,13,Global,https://doi.org/10.31219/osf.io/abx7s,2020
2023-12-01,Rob Salguero-Gómez,Criteria for buffering in ecological modeling,Trends in Ecology &amp; Evolution,Journal Article,6,Global,https://doi.org/10.1016/j.tree.2023.11.006,2023
2019-10-18,Ben Elbers,Cross-national differences in social background effects on educational attainment and achievement: absolute vs. relative inequalities and the role of education systems,Compare: A Journal of Comparative and International Education,Journal Article,46,Global,https://doi.org/10.1080/03057925.2019.1677455,2019
2022-08-01,Jiaxin Shi,Decomposing Lifespan Variance: A Distributional Approach,Preprint,Preprint,1,Global,https://doi.org/10.31235/osf.io/zd79q,2022
2026-02-03,Rob Salguero-Gómez,Demographic buffering in natural populations: A multi‐level perspective,Journal of Animal Ecology,Journal Article,3,Global,https://doi.org/10.1111/1365-2656.70226,2026
2024-12-03,Rob Salguero-Gómez,Demographic buffering in natural populations: multi-level perspective,Preprint,Preprint,0,Global,https://doi.org/10.22541/au.173323837.79970916/v1,2024
2025-12-22,Édith Darin,"Demographic figures at risk in the digital era: Resisting commodification, reclaiming the common good",Big Data &amp; Society,Journal Article,2,Global,https://doi.org/10.1177/20539517251403948,2025
2021-07-13,Ben Elbers,Did Residential Racial Segregation in the U.S. Really Increase? An Analysis Accounting for Changes in Racial Diversity,Preprint,Preprint,2,Global,https://doi.org/10.31235/osf.io/dvutw,2021
2023-10-05,Rob Salguero-Gómez,Differences in adult survival drive divergent demographic responses to a decade of field warming on the Tibetan Plateau,Preprint,Preprint,0,Global,https://doi.org/10.1101/2023.10.03.560467,2023
2025-03-08,Rob Salguero-Gómez,Differences in adult survival drive divergent demographic responses to warming on the Tibetan Plateau,Ecology,Journal Article,4,Global,https://doi.org/10.1002/ecy.4533,2025
2024-08-31,Rob Salguero-Gómez,Differential responses of community‐level functional traits to mid‐ and late‐season experimental drought in a temperate grassland,Journal of Ecology,Journal Article,14,Global,https://doi.org/10.1111/1365-2745.14395,2024
2023-03-23,Rob Salguero-Gómez,Discretising Keyfitz' entropy for studies of actuarial senescence and comparative demography,Methods in Ecology and Evolution,Journal Article,3,Global,https://doi.org/10.1111/2041-210x.14083,2023
2024-08-06,Rob Salguero-Gómez,Diseases and invasive species have synergistic effects with other anthropogenic threats on the functional and phylogenetic diversity in Testudines and Crocodilia,Preprint,Preprint,0,Global,https://doi.org/10.1101/2024.08.02.606360,2024
2025-08-13,Rob Salguero-Gómez,Distinguishing Short‐Term Versus Long‐Term Responses in Cover‐Class Structured Community Dynamics: A Test With Grassland Drought Response,Ecology Letters,Journal Article,1,Global,https://doi.org/10.1111/ele.70182,2025
2021-05-14,José Manuel Aburto,Divergent Trends of Lifespan Variation During Mortality Crises,Preprint,Preprint,0,Global,https://doi.org/10.31235/osf.io/ze57r,2021
2020-07-22,José Manuel Aburto,Diversification in causes of death in low-mortality countries: emerging patterns and implications,BMJ Global Health,Journal Article,36,Global,https://doi.org/10.1136/bmjgh-2020-002414,2020
2020-02-24,José Manuel Aburto,Dynamics of life expectancy and life span equality,Proceedings of the National Academy of Sciences,Journal Article,234,Global,https://doi.org/10.1073/pnas.1915884117,2020
2022-11-14,Ben Elbers,Education-Occupation Linkage in the Highly-Educated Workforce: Patterns and Sources of Difference by Race/Ethnicity,"Work, Employment and Society",Journal Article,8,Global,https://doi.org/10.1177/09500170221133714,2022
2025-09-22,Kayla Schulte,"Equity, accessibility, and public health implications of digital platforms delivering realtime air quality information: A systematic technology review",Preprint,Preprint,0,Global,https://doi.org/10.31235/osf.io/x36fg_v1,2025
2026-04-17,Kayla Schulte,"Equity, accessibility, and public health implications of digital platforms delivering real-time air quality information: A technology review",PLOS Digital Health,Journal Article,0,Global,https://doi.org/10.1371/journal.pdig.0001280,2026
2022-12-09,Aashish Gupta,Estimates of pandemic excess mortality in India based on civil registration data,PLOS Global Public Health,Journal Article,24,Global,https://doi.org/10.1371/journal.pgph.0000803,2022
2024-12-13,Jonas Schöley,Estimating recent trends in UK alcohol sales from alcohol duty revenue,Preprint,Preprint,1,Global,https://doi.org/10.1101/2024.12.12.24318899,2024
2020-07-16,"Jonas Schöley, José Manuel Aburto","Estimating the burden of COVID-19 on mortality, life expectancy and lifespan inequality in England and Wales: A population-level analysis",Preprint,Preprint,10,Global,https://doi.org/10.1101/2020.07.16.20155077,2020
2021-01-19,"Jonas Schöley, José Manuel Aburto","Estimating the burden of the COVID-19 pandemic on mortality, life expectancy and lifespan inequality in England and Wales: a population-level analysis",Journal of Epidemiology and Community Health,Journal Article,121,Global,https://doi.org/10.1136/jech-2020-215505,2021
2026-05-11,Rob Salguero-Gómez,European mistletoe shares a similar demographic strategy with non‐parasitic plants,Journal of Ecology,Journal Article,1,Global,https://doi.org/10.1111/1365-2745.70339,2026
2022-08-05,José Manuel Aburto,Evaluation of age-specific causes of death in the context of the Italian longevity transition,Preprint,Preprint,0,Global,https://doi.org/10.31235/osf.io/t7ms9,2022
2026-07-07,Rob Salguero-Gómez,Evidence for adaptive explanations of semelparity in animals (Journal Publication Now Available),Biological Reviews,Journal Article,0,Global,https://doi.org/10.1002/brv.70197,2026
2023-03-01,Rob Salguero-Gómez,"Evolution, Complexity, and Life History Theory",Preprint,Preprint,1,Global,https://doi.org/10.22541/au.167770655.56360178/v1,2023
2025-05-22,José Manuel Aburto,Evolution of Life Expectancy and Lifespan Variation in Sub-Saharan Africa,Preprint,Preprint,3,Global,https://doi.org/10.1101/2025.05.20.25328051,2025
2022-10-21,Kayla Schulte,"Examining Psychosocial, Health Status, and Demographic Predictors of Air Pollution Exposure Reducing Behaviors Across the UK",Preprint,Preprint,0,Global,https://doi.org/10.2139/ssrn.4252948,2022
2024-02-21,Rob Salguero-Gómez,Experimental drought reduces the productivity and stability of a calcareous grassland,Journal of Ecology,Journal Article,13,Global,https://doi.org/10.1111/1365-2745.14282,2024
2023-01-16,Rob Salguero-Gómez,Experimentally induced drought and growing season stage modulate community-level functional traits in a temperate grassland,Preprint,Preprint,3,Global,https://doi.org/10.1101/2023.01.12.523738,2023
2024-02-09,Ben Elbers,Explaining changes in US residential segregation through patterns of population change,Nature Cities,Journal Article,11,Global,https://doi.org/10.1038/s44284-024-00032-w,2024
2025-06-21,Aashish Gupta,"Externalities of polluting cooking fuels, gender, and adult cognitive health in low- and middle-income countries",American Journal of Epidemiology,Journal Article,0,Global,https://doi.org/10.1093/aje/kwaf133,2025
2020-08-04,Antonino Polizzi,Family Demographic Processes and In-Work Poverty: A Systematic Review,Preprint,Preprint,0,Global,https://doi.org/10.31235/osf.io/zncaq,2020
2023-07-10,Alice Reid,Fatal Places? Contextual Effects on Infant and Child Mortality in Early Twentieth Century England and Wales,Social Science History,Journal Article,4,Global,https://doi.org/10.1017/ssh.2023.5,2023
2022-10-04,Rob Salguero-Gómez,Fisher &amp; Salguero-Gomez reproductive death final with tables,Preprint,Preprint,1,Global,https://doi.org/10.22541/au.166490984.47824982/v1,2022
2026-04-29,Rob Salguero-Gómez,From niche theory to demographic realities: the demographic niche concept for understanding range‐wide population dynamics,Ecography,Journal Article,2,Global,https://doi.org/10.1002/ecog.07774,2026
2026-02-07,Rob Salguero-Gómez,From theory to application: Elasticity-consistent aggregation of Leslie matrix population models for comparative demography,Preprint,Preprint,1,Global,https://doi.org/10.64898/2026.02.04.703802,2026
2020-09-21,Aashish Gupta,Gender and LPG use after government intervention in rural north India,Preprint,Preprint,2,Global,https://doi.org/10.31235/osf.io/3v4cj,2020
2024-04-30,Alice Reid,Generational trends in the transition to womanhood in lowland rural Nepal: Changes in the meaning of early marriage,American Journal of Human Biology,Journal Article,1,Global,https://doi.org/10.1002/ajhb.24088,2024
2024-10-31,Rob Salguero-Gómez,"Genetic diversity and population structure of pedunculate oaks (
                  <i>Quercus robur</i>
                  ) in Wytham Woods",Preprint,Preprint,1,Global,https://doi.org/10.1101/2024.10.28.619668,2024
2025-06-18,Rob Salguero-Gómez,"Genetic diversity and population structure of pedunculate oaks (
                    <scp>
                      <i>Quercus robur</i>
                    </scp>
                    ) in Wytham Woods","PLANTS, PEOPLE, PLANET",Journal Article,2,Global,https://doi.org/10.1002/ppp3.70042,2025
2023-01-15,Rob Salguero-Gómez,Global patterns of plant form and function are strongly determined by evolutionary relationships,Preprint,Preprint,4,Global,https://doi.org/10.1101/2023.01.13.523963,2023
2023-09-20,Rob Salguero-Gómez,High‐latitude marginal reefs support fewer but bigger corals than their tropical counterparts,Ecography,Journal Article,24,Global,https://doi.org/10.1111/ecog.06835,2023
2022-03-14,Édith Darin,High-resolution population estimation using household survey data and building footprints,Nature Communications,Journal Article,95,Global,https://doi.org/10.1038/s41467-022-29094-x,2022
2025-08-01,Édith Darin,How Accurate Are High Resolution Settlement Maps at Predicting Population Counts in Data Scarce Settings?,"Population, Space and Place",Journal Article,3,Global,https://doi.org/10.1002/psp.70083,2025
2025-09-01,Alice Reid,How Can a Combination of Historical Demography and Prosopographical Methods Aid the Understanding of Causes of Death? An Illustration Using Maternal Mortality as an Example,Historical Life Course Studies,Journal Article,0,Global,https://doi.org/10.51964/hlcs23197,2025
2022-09-21,Jiaxin Shi,How Does Mortality Contribute to Lifetime Pension Inequality? Evidence From Five Decades of Swedish Taxation Data,Demography,Journal Article,13,Global,https://doi.org/10.1215/00703370-10218779,2022
2026-08-20,Rob Salguero-Gómez,How much is too much? Simulated population responses of a South African dwarf succulent to wild harvesting under climate change,Journal of Applied Ecology,Journal Article,0,Global,https://doi.org/10.1111/1365-2664.70536,2026
2024-08-04,"José Manuel Aburto, Rob Salguero-Gómez",Human populations with low survival at advanced ages and postponed fertility reduce long-term growth in high inflation environments,Preprint,Preprint,1,Global,https://doi.org/10.1101/2024.07.31.606043,2024
2026-06-06,Rob Salguero-Gómez,Humans exhibit demographic buffering against variability and persistence in inflation environments,Preprint,Preprint,0,Global,https://doi.org/10.64898/2026.06.03.729782,2026
2026-02-09,Rob Salguero-Gómez,Hyperspectral species maps and LiDAR‐based structured population models show future forest fire frequency may compromise forest resilience,Remote Sensing in Ecology and Conservation,Journal Article,1,Global,https://doi.org/10.1002/rse2.70057,2026
2025-06-22,Rob Salguero-Gómez,"IA y Big Data para la biología de invasiones: descubrir, modelar y predecir las dinámicas poblacionales de las especies invasoras",Ecosistemas,Journal Article,2,Global,https://doi.org/10.7818/ecos.2933,2025
2024-04-03,Rob Salguero-Gómez,<i>Journal of Animal Ecology</i> in 2023: Looking back and looking forward,Journal of Animal Ecology,Journal Article,1,Global,https://doi.org/10.1111/1365-2656.14061,2024
2022-06-16,Antonino Polizzi,"Implications of rising female reproductive-age mortality for fertility in the United States, 2010–2019",Preprint,Preprint,1,Global,https://doi.org/10.31235/osf.io/fdj6y,2022
2025-04-02,Rob Salguero-Gómez,Increases in Arctic Extreme Climatic Events Are Linked to Negative Fitness Effects on the Local Biota,Global Change Biology,Journal Article,4,Global,https://doi.org/10.1111/gcb.70157,2025
2024-12-19,"Aashish Gupta, Antonino Polizzi, José Manuel Aburto","Indirect effects of the COVID-19 pandemic: A cause-of-death analysis of life expectancy changes in 24 countries, 2015 to 2022",PNAS Nexus,Journal Article,15,Global,https://doi.org/10.1093/pnasnexus/pgae508,2024
2025-05-14,Rob Salguero-Gómez,Individual heterogeneity drives a plant macroparasite’s life history,Preprint,Preprint,0,Global,https://doi.org/10.1101/2025.05.09.653086,2025
2022-11-14,Jiaxin Shi,Inequalities in Retirement Life Span in the United States,The Journals of Gerontology: Series B,Journal Article,10,Global,https://doi.org/10.1093/geronb/gbac180,2022
2022-04-05,Aashish Gupta,Large and Persistent Life Expectancy Disparities between India's Social Groups,Population and Development Review,Journal Article,20,Global,https://doi.org/10.1111/padr.12489,2022
2024-07-19,Aashish Gupta,Large and unequal life expectancy declines during the COVID-19 pandemic in India in 2020,Science Advances,Journal Article,13,Global,https://doi.org/10.1126/sciadv.adk2070,2024
2023-08-30,Rob Salguero-Gómez,Leaf metabolic traits reveal hidden dimensions of plant form and function,Science Advances,Journal Article,54,Global,https://doi.org/10.1126/sciadv.adi4029,2023
2025-02-17,Bent Nielsen,LEAST TRIMMED SQUARES: NUISANCE PARAMETER FREE ASYMPTOTICS,Econometric Theory,Journal Article,0,Global,https://doi.org/10.1017/s0266466624000343,2025
2026-05-15,Édith Darin,Leveraging High‐Frequency Digital Data to Analyze Forced Displacement Dynamics: A Case Study from the Gaza Strip,Population and Development Review,Journal Article,1,Global,https://doi.org/10.1111/padr.70064,2026
2022-10-17,"Jonas Schöley, José Manuel Aburto",Life expectancy changes since COVID-19,Nature Human Behaviour,Journal Article,245,Global,https://doi.org/10.1038/s41562-022-01450-3,2022
2022-03-14,José Manuel Aburto,Life expectancy declines in Russia during the COVID-19 pandemic in 2020,International Journal of Epidemiology,Journal Article,16,Global,https://doi.org/10.1093/ije/dyac055,2022
2024-04-10,Rob Salguero-Gómez,Life Histories and Study Duration matter less than Prior Knowledge of Vital Rates to Inverse Integral Projection Models,Preprint,Preprint,1,Global,https://doi.org/10.1101/2024.04.06.588423,2024
2022-08-20,Rob Salguero-Gómez,Life history adaptations to fluctuating environments: Combined effects of demographic buffering and lability,Ecology Letters,Journal Article,40,Global,https://doi.org/10.1111/ele.14071,2022
2026-08-28,Rob Salguero-Gómez,Life history traits predict the contribution of transient dynamics to variation in population growth,Preprint,Preprint,0,Global,https://doi.org/10.64898/2026.08.28.747639,2026
2023-12-01,"Antonino Polizzi, José Manuel Aburto",Lifetime risk of maternal near miss morbidity: a novel indicator of maternal health,International Journal of Epidemiology,Journal Article,8,Global,https://doi.org/10.1093/ije/dyad169,2023
2021-03-08,Ben Elbers,Local Segregation Scores of Entropy-Based Segregation Indices,Preprint,Preprint,2,Global,https://doi.org/10.31235/osf.io/3juyc,2021
2026-09-18,Rob Salguero-Gómez,Long-term liana infestation leaves architectural legacies in host trees,Preprint,Preprint,0,Global,https://doi.org/10.64898/2026.09.18.752529,2026
2026-02-09,Rob Salguero-Gómez,"Looking backward for the future: long-term population recovery, habitat associations, and future climatic vulnerability of the critically endangered Sino-Mongolian beaver (Castor fiber birulai) in China",Preprint,Preprint,0,Global,https://doi.org/10.64898/2026.02.07.704560,2026
2024-10-05,Édith Darin,Mapping refugee populations at high resolution by unlocking humanitarian administrative data,Journal of International Humanitarian Action,Journal Article,6,Global,https://doi.org/10.1186/s41018-024-00157-6,2024
2020-05-19,Aashish Gupta,Measuring excess mortality during the COVID-19 pandemic in low- and lower-middle income countries: the need for mobile phone surveys,Preprint,Preprint,7,Global,https://doi.org/10.31235/osf.io/4bu3q,2020
2024-05-08,José Manuel Aburto,Mexico’s surge of violence and COVID-19 drive life expectancy losses 2015–2021,Preprint,Preprint,1,Global,https://doi.org/10.1101/2024.05.07.24306982,2024
2026-04-11,Rob Salguero-Gómez,Modelling forest dynamics using integral projection models and repeat lidar,Remote Sensing in Ecology and Conservation,Journal Article,0,Global,https://doi.org/10.1002/rse2.70050,2026
2025-01-08,Rob Salguero-Gómez,Modelling forest dynamics using integral projection models (IPMs) and repeat LiDAR,Preprint,Preprint,7,Global,https://doi.org/10.1101/2025.01.06.631514,2025
2024-01-22,Rob Salguero-Gómez,"More social species live longer, have higher generation times, and longer reproductive windows",Preprint,Preprint,2,Global,https://doi.org/10.1101/2024.01.22.575897,2024
2024-10-28,Rob Salguero-Gómez,"More social species live longer, have longer generation times and longer reproductive windows",Philosophical Transactions of the Royal Society B: Biological Sciences,Journal Article,18,Global,https://doi.org/10.1098/rstb.2022.0459,2024
2026-02-05,José Manuel Aburto,"Mortality from Homicides, Road Traffic Accidents, and Suicides and Their Impact on Life Expectancy and Lifespan Inequality in Brazil, 2010-2023: A Population Level Demographic Study",Preprint,Preprint,0,Global,https://doi.org/10.2139/ssrn.6172580,2026
2023-06-01,Rob Salguero-Gómez,MOSAIC - A Unified Trait Database to Complement Structured Population Models,Scientific Data,Journal Article,8,Global,https://doi.org/10.1038/s41597-023-02070-w,2023
2026-04-04,Rob Salguero-Gómez,mpmaggregate: Aggregate Matrix Population Models,CRAN: Contributed Packages,Journal Article,0,Global,https://doi.org/10.32614/cran.package.mpmaggregate,2026
2023-10-29,Rob Salguero-Gómez,"Negative density dependence promotes persistence of a globally rare yet locally abundant plant species (
                  <i>Oenothera coloradensis</i>
                  )",Preprint,Preprint,0,Global,https://doi.org/10.1101/2023.10.25.563615,2023
2024-10-01,Rob Salguero-Gómez,Non‐senescent species are not immortal: Stress and decline in two planaria species,Journal of Animal Ecology,Journal Article,1,Global,https://doi.org/10.1111/1365-2656.14184,2024
2023-04-06,Ben Elbers,Nowcasting Daily Population Displacement in Ukraine through Social Media Advertising Data,Population and Development Review,Journal Article,46,Global,https://doi.org/10.1111/padr.12558,2023
2019-03-29,Ben Elbers,Obscured Transparency? Compensation Benchmarking and the Biasing of Executive Pay,Management Science,Journal Article,35,Global,https://doi.org/10.1287/mnsc.2018.3151,2019
2024-02-20,Kayla Schulte,Offshoring emissions through used vehicle exports,Nature Climate Change,Journal Article,9,Global,https://doi.org/10.1038/s41558-024-01943-1,2024
2024-04-30,Ben Elbers,Opportunity Hoarding and Elite Reproduction: School Segregation in Post-Apartheid South Africa,Social Forces,Journal Article,11,Global,https://doi.org/10.1093/sf/soae070,2024
2020-07-06,Ben Elbers,Orthogonal Polynomial Contrasts and Applications to Age-Period-Cohort Models,Preprint,Preprint,2,Global,https://doi.org/10.31235/osf.io/xrbgv,2020
2019-10-07,Bent Nielsen,Partial Cointegrated Vector Autoregressive Models with Structural Breaks in Deterministic Terms,Econometrics,Journal Article,13,Global,https://doi.org/10.3390/econometrics7040042,2019
2020-11-08,Aashish Gupta,Pauses and reversals of infant mortality decline in India in 2017 and 2018,Preprint,Preprint,2,Global,https://doi.org/10.31235/osf.io/aqrfn,2020
2026-05-28,Rob Salguero-Gómez,Plant population responses to environmental variability are primarily driven by survival-reproduction trade-offs and mediated by aridity,Nature Communications,Journal Article,0,Global,https://doi.org/10.1038/s41467-026-73720-x,2026
2025-01-23,Rob Salguero-Gómez,Poaching exacerbates the effects of climate change on the long-term viability of an endemic South African succulent plant species,Preprint,Preprint,1,Global,https://doi.org/10.1101/2025.01.20.633962,2025
2025-12-09,Rob Salguero-Gómez,Population Structure Plays a Key Role in Community Stability,Ecology Letters,Journal Article,2,Global,https://doi.org/10.1111/ele.70272,2025
2025-06-08,Rob Salguero-Gómez,Powerful yet challenging: mechanistic niche models for predicting invasive species potential distribution under climate change,Ecography,Journal Article,11,Global,https://doi.org/10.1002/ecog.07775,2025
2022-12-20,Bo Zhao,"Prepayment meters strongly associated with economic and health deprivation: an observational, cross-sectional study",Preprint,Preprint,0,Global,https://doi.org/10.1101/2022.12.19.22283693,2022
2023-10-19,Bo Zhao,"Prepayment meters strongly associated with multiple types of deprivation and emergency respiratory hospital admissions: an observational, cross-sectional study",Journal of Epidemiology and Community Health,Journal Article,2,Global,https://doi.org/10.1136/jech-2023-220793,2023
2023-01-11,Rob Salguero-Gómez,Priorities for synthesis research in ecology and environmental science,Ecosphere,Journal Article,26,Global,https://doi.org/10.1002/ecs2.4342,2023
2024-11-05,Antonino Polizzi,Progress Stalled? The Uncertain Future of Mortality in High‐Income Countries,Population and Development Review,Journal Article,21,Global,https://doi.org/10.1111/padr.12687,2024
2024-02-26,Kayla Schulte,Publisher Correction: Offshoring emissions through used vehicle exports,Nature Climate Change,Journal Article,0,Global,https://doi.org/10.1038/s41558-024-01965-9,2024
2026-08-11,Rob Salguero-Gómez,"Quality Assurance Framework for the Design, Collection and Curation of Standard Data Products From a Distributed Ecology Network (Journal Publication Now Available)",Ecology and Evolution,Journal Article,0,Global,https://doi.org/10.1002/ece3.74000,2026
2021-09-08,"Jonas Schöley, José Manuel Aburto",Quantifying impacts of the COVID-19 pandemic through life-expectancy losses: a population-level study of 29 countries,International Journal of Epidemiology,Journal Article,321,Global,https://doi.org/10.1093/ije/dyab207,2021
2021-12-16,Alice Reid,Quantifying the association of natal household wealth with women’s early marriage in Nepal,PeerJ,Journal Article,9,Global,https://doi.org/10.7717/peerj.12324,2021
2024-06-12,Rob Salguero-Gómez,Rage: Life History Metrics from Matrix Population Models,CRAN: Contributed Packages,Journal Article,0,Global,https://doi.org/10.32614/cran.package.rage,2024
2024-06-12,Rob Salguero-Gómez,Rcompadre: Utilities for using the 'COM(P)ADRE' Matrix Model Database,CRAN: Contributed Packages,Journal Article,0,Global,https://doi.org/10.32614/cran.package.rcompadre,2024
2022-06-15,Kayla Schulte,‘Real-time’ air quality channels: A technology review of emerging environmental alert systems,Big Data &amp; Society,Journal Article,23,Global,https://doi.org/10.1177/20539517221101346,2022
2023-05-09,Rob Salguero-Gómez,Recent exposure to environmental stochasticity does not determine the demographic resilience of natural populations,Ecology Letters,Journal Article,16,Global,https://doi.org/10.1111/ele.14234,2023
2026-09-12,José Manuel Aburto,"Regional and sex differences in the contribution of smoking-related mortality to changes in adult life expectancy in Brazil, 2000-23",Preprint,Preprint,0,Global,https://doi.org/10.64898/2026.09.10.26362707,2026
2024-06-28,Rob Salguero-Gómez,Response to Discretising and validating Keyfitz' entropy for any demographic classification,Methods in Ecology and Evolution,Journal Article,0,Global,https://doi.org/10.1111/2041-210x.14335,2024
2026-03-28,Rob Salguero-Gómez,Retrospective image analysis for long‐term demography using Google Earth imagery,Remote Sensing in Ecology and Conservation,Journal Article,0,Global,https://doi.org/10.1002/rse2.70071,2026
2023-04-26,José Manuel Aburto,Reversals in past long-term trends in educational inequalities in life expectancy for selected European countries,Journal of Epidemiology and Community Health,Journal Article,19,Global,https://doi.org/10.1136/jech-2023-220385,2023
2021-06-09,Jonas Schöley,Robustness and bias of European excess death estimates in 2020 under varying model specifications,Preprint,Preprint,35,Global,https://doi.org/10.1101/2021.06.04.21258353,2021
2022-06-01,Rob Salguero-Gómez,"Rpadrino: An R package to access and use
                    <scp>PADRINO</scp>
                    , an open access database of Integral Projection Models",Methods in Ecology and Evolution,Journal Article,23,Global,https://doi.org/10.1111/2041-210x.13910,2022
2020-04-19,Aashish Gupta,Seasonal variation in infant mortality in India,Preprint,Preprint,0,Global,https://doi.org/10.31235/osf.io/x4rv7,2020
2022-06-29,Ben Elbers,Segplot: A New Method for Visualizing Patterns of Multi-Group Segregation,Preprint,Preprint,3,Global,https://doi.org/10.31235/osf.io/ruw4g,2022
2024-09-23,Rob Salguero-Gómez,Severe fire regimes decrease resilience of ectothermic populations,Journal of Animal Ecology,Journal Article,3,Global,https://doi.org/10.1111/1365-2656.14188,2024
2025-07-17,"Jonas Schöley, Katarzyna Doniec",Sex Differences in Excess Mortality During the COVID-19 Pandemic,Preprint,Preprint,0,Global,https://doi.org/10.1101/2025.07.15.25331003,2025
2026-07-23,Katarzyna Doniec,Sex differences in excess mortality during the COVID-19 pandemic: a longitudinal ecological analysis of 34 high-income countries,eClinicalMedicine,Journal Article,1,Global,https://doi.org/10.1016/j.eclinm.2026.104072,2026
2022-12-15,Rob Salguero-Gómez,"Short‐range multispectral imaging is an inexpensive, fast, and accurate approach to estimate biodiversity in a temperate calcareous grassland",Ecology and Evolution,Journal Article,19,Global,https://doi.org/10.1002/ece3.9623,2022
2022-04-04,José Manuel Aburto,Significant impacts of the COVID-19 pandemic on race/ethnic differences in USA mortality,Preprint,Preprint,7,Global,https://doi.org/10.1101/2022.04.04.22273385,2022
2022-08-23,José Manuel Aburto,Significant impacts of the COVID-19 pandemic on race/ethnic differences in US mortality,Proceedings of the National Academy of Sciences,Journal Article,78,Global,https://doi.org/10.1073/pnas.2205813119,2022
2026-08-17,Rob Salguero-Gómez,Small size species patch enhances short‐term resistance to weed invasion in artificial grasslands,Journal of Applied Ecology,Journal Article,0,Global,https://doi.org/10.1111/1365-2664.70537,2026
2022-11-16,Aashish Gupta,Social disadvantage and child mortality in India: 1993 – 2019,Preprint,Preprint,0,Global,https://doi.org/10.31235/osf.io/5jqcn,2022
2022-03-02,Aashish Gupta,"Social disadvantage, economic inequality, and life expectancy in nine Indian states",Proceedings of the National Academy of Sciences,Journal Article,36,Global,https://doi.org/10.1073/pnas.2109226119,2022
2024-04-25,Ben Elbers,Social inequality in admission chances for prestigious higher education programs in Germany: do application patterns matter?,European Sociological Review,Journal Article,4,Global,https://doi.org/10.1093/esr/jcae024,2024
2022-09-08,José Manuel Aburto,Socio-demographic inequalities and excess non-COVID-19 mortality during the COVID-19 pandemic: a data-driven analysis of 1 069 174 death certificates in Mexico,International Journal of Epidemiology,Journal Article,37,Global,https://doi.org/10.1093/ije/dyac184,2022
2025-01-21,Jonas Schöley,Stillbirth rate trends across 25 European countries between 2010 and 2021: the contribution of maternal age and multiplicity,European Journal of Public Health,Journal Article,10,Global,https://doi.org/10.1093/eurpub/ckae214,2025
2026-06-08,Rob Salguero-Gómez,Still Lost in Definitions: How ‘Resilience’ Is Used in Ecology,Preprint,Preprint,0,Global,https://doi.org/10.64898/2026.06.03.729936,2026
2025-03-11,Rob Salguero-Gómez,Structured Demographic Buffering: A Framework to Explore the Environmental Components and Demographic Mechanisms Underlying Demographic Buffering,Ecology Letters,Journal Article,13,Global,https://doi.org/10.1111/ele.70066,2025
2023-07-22,Rob Salguero-Gómez,Structured demographic buffering: A framework to explore the environment drivers and demographic mechanisms underlying demographic buffering,Preprint,Preprint,1,Global,https://doi.org/10.1101/2023.07.20.549848,2023
2025-05-04,Rob Salguero-Gómez,"Support for the social buffering hypothesis, especially under unpredictable precipitation regimes",Preprint,Preprint,0,Global,https://doi.org/10.1101/2025.04.30.651380,2025
2021-07-29,Aashish Gupta,Survey evidence of excess mortality in Bihar in the second COVID-19 surge,Preprint,Preprint,5,Global,https://doi.org/10.31235/osf.io/zxq97,2021
2025-09-04,Édith Darin,"Tackling public health data gaps through Bayesian high-resolution population estimation: A case study of Kasaï-Oriental, Democratic Republic of the Congo",PLOS Global Public Health,Journal Article,2,Global,https://doi.org/10.1371/journal.pgph.0005072,2025
2026-02-27,"Antonino Polizzi, Jonas Schöley, José Manuel Aburto",Temporary Shock or Lasting Scar? Life Expectancy Trajectories Since COVID-19,Preprint,Preprint,2,Global,https://doi.org/10.64898/2026.02.25.26347112,2026
2022-11-22,Rob Salguero-Gómez,Ten (mostly) simple rules to future‐proof trait data in ecological and evolutionary sciences,Methods in Ecology and Evolution,Journal Article,37,Global,https://doi.org/10.1111/2041-210x.14033,2022
2021-12-01,José Manuel Aburto,The Cross-sectional Average Inequality in Lifespan (CAL†): A Lifespan Variation Measure That Reflects the Mortality Histories of Cohorts,Demography,Journal Article,23,Global,https://doi.org/10.1215/00703370-9637380,2021
2024-06-07,Antonino Polizzi,"The impact of early death on birth counts in the United States, 1950 to 2019",PNAS Nexus,Journal Article,7,Global,https://doi.org/10.1093/pnasnexus/pgae058,2024
2021-09-06,Jiaxin Shi,The impact of income definitions on mortality inequalities,SSM - Population Health,Journal Article,21,Global,https://doi.org/10.1016/j.ssmph.2021.100915,2021
2025-03-11,José Manuel Aburto,"The impact of violence and COVID-19 on Mexico’s life-expectancy losses and recent bounce-back, 2015–22",International Journal of Epidemiology,Journal Article,9,Global,https://doi.org/10.1093/ije/dyaf034,2025
2022-07-10,Jiaxin Shi,The Inequality of Lifetime Pensions,Preprint,Preprint,1,Global,https://doi.org/10.31235/osf.io/zh63j,2022
2024-03-28,"Antonino Polizzi, José Manuel Aburto","The Lifetime Risk of Maternal Near Miss morbidity in Asia, Africa, the Middle East, and Latin America: a cross-country systematic analysis",Preprint,Preprint,0,Global,https://doi.org/10.1101/2024.03.26.24304883,2024
2020-10-20,José Manuel Aburto,The Linear Link: Deriving Age-Specific Death Rates from Life Expectancy,Risks,Journal Article,10,Global,https://doi.org/10.3390/risks8040109,2020
2021-06-16,José Manuel Aburto,The long lives of primates and the ‘invariant rate of ageing’ hypothesis,Nature Communications,Journal Article,91,Global,https://doi.org/10.1038/s41467-021-23894-3,2021
2023-03-29,Antonino Polizzi,The Long-term Effects of the COVID-19 Pandemic on U.S. Population Structure,Preprint,Preprint,0,Global,https://doi.org/10.31235/osf.io/rqn9j,2023
2025-03-23,Alice Reid,The Migration of East European Women to England and Wales in the Late Nineteenth and Early Twentieth Centuries and Demographic Change,Palgrave Studies in Gender and Migration,Journal Article,0,Global,https://doi.org/10.1007/978-3-031-73982-8_13,2025
2021-05-25,Aashish Gupta,The scale of Gujarat’s mortality crisis,Preprint,Preprint,2,Global,https://doi.org/10.31235/osf.io/2wae5,2021
2021-12-10,José Manuel Aburto,The unequal impact of the COVID-19 pandemic on life expectancy across Chile,Preprint,Preprint,1,Global,https://doi.org/10.1101/2021.12.08.21267475,2021
2022-11-03,Rob Salguero-Gómez,Time counts in animal ecology,Journal of Animal Ecology,Journal Article,3,Global,https://doi.org/10.1111/1365-2656.13821,2022
2026-02-24,Rob Salguero-Gómez,Tipping Points and Emergent Phases of Species Diversity in Mutualistic Ecological Networks under Global Warming,Preprint,Preprint,0,Global,https://doi.org/10.64898/2026.02.23.706386,2026
2020-03-31,Ben Elbers,Training Regimes and Skill Formation in France and Germany: An Analysis of Change between 1970 and 2010,Preprint,Preprint,0,Global,https://doi.org/10.31235/osf.io/2dyjk,2020
2025-09-04,Jiaxin Shi,Trend breaks in life expectancy in the United States over 120 years and potential sources of future gains,Population Studies,Journal Article,1,Global,https://doi.org/10.1080/00324728.2025.2546993,2025
2021-11-02,Ben Elbers,"Trends in U.S. Residential Racial Segregation, 1990 to 2020",Socius: Sociological Research for a Dynamic World,Journal Article,28,Global,https://doi.org/10.1177/23780231211053982,2021
2025-10-17,Bent Nielsen,Two-sample Age-period-cohort Models,Sociological Methods &amp; Research,Journal Article,0,Global,https://doi.org/10.1177/00491241251376509,2025
2026-02-02,Aashish Gupta,Uncertainty about maternal mortality in India: New estimates from the National Family Health Survey,Preprint,Preprint,0,Global,https://doi.org/10.31235/osf.io/8as72_v2,2026
2022-10-19,Aashish Gupta,"Uncertainty about maternal mortality in India:  New, higher estimates from the National Family Health Survey-4",Preprint,Preprint,3,Global,https://doi.org/10.31235/osf.io/8as72,2022
2024-10-28,Rob Salguero-Gómez,Understanding age and society using natural populations,Philosophical Transactions of the Royal Society B: Biological Sciences,Journal Article,4,Global,https://doi.org/10.1098/rstb.2022.0469,2024
2025-08-23,Rob Salguero-Gómez,Understanding and Predicting Population Response to Anthropogenic Disturbance: Current Approaches and Novel Opportunities,Ecology Letters,Journal Article,6,Global,https://doi.org/10.1111/ele.70198,2025
2022-08-19,José Manuel Aburto,Unequal impact of the COVID-19 pandemic in 2020 on life expectancy across urban areas in Chile: a cross-sectional demographic study,BMJ Open,Journal Article,19,Global,https://doi.org/10.1136/bmjopen-2021-059201,2022
2021-02-15,José Manuel Aburto,"Uneven state distribution of homicides in Brazil and their effect on life expectancy, 2000–2015: a cross-sectional mortality study",BMJ Open,Journal Article,8,Global,https://doi.org/10.1136/bmjopen-2020-044706,2021
2025-10-27,Kayla Schulte,Update air quality management to support meaningful public participation,Communications Earth &amp; Environment,Journal Article,0,Global,https://doi.org/10.1038/s43247-025-02818-9,2025
2024-01-29,Katarzyna Doniec,US exceptionalism? International trends in midlife mortality,International Journal of Epidemiology,Journal Article,23,Global,https://doi.org/10.1093/ije/dyae024,2024
2022-04-17,Antonino Polizzi,Using Singular Value Decomposition to Understand Variation Across Mortality Schedules from Multiple Populations,Preprint,Preprint,0,Global,https://doi.org/10.31235/osf.io/uqwxj,2022
2024-10-11,Rob Salguero-Gómez,Variation in precipitation drives differences in interactions and short-term transient instability between grassland functional groups: a stage-structured community approach,Preprint,Preprint,1,Global,https://doi.org/10.1101/2024.10.07.617067,2024
2024-09-26,Aashish Gupta,Violence against women in India:  Levels and trends of incidence and reporting,Preprint,Preprint,0,Global,https://doi.org/10.31235/osf.io/n2x9w,2024
2025-10-16,Alice Reid,What was Killing Babies in 19th-Century Europe? Categorising Their Deaths Using ICD10h,Historical Life Course Studies,Journal Article,2,Global,https://doi.org/10.51964/hlcs23751,2025
2021-12-13,Alice Reid,Why a long-term perspective is beneficial for demographers,Population Studies,Journal Article,4,Global,https://doi.org/10.1080/00324728.2021.2002393,2021
2026-07-27,Antonino Polizzi,Why is life expectancy in England &amp; Wales falling behind? A cause-of-death decomposition approach,Population Studies,Journal Article,0,Global,https://doi.org/10.1080/00324728.2026.2682462,2026
2024-06-08,Antonino Polizzi,Why is life expectancy in England and Wales falling behind? A cause-of-death decomposition approach.,Preprint,Preprint,4,Global,https://doi.org/10.31235/osf.io/caswv,2024
2023-09-08,Aashish Gupta,Widow and Widower Mortality in India,Preprint,Preprint,0,Global,https://doi.org/10.31235/osf.io/9ty4z,2023
2025-08-04,Aashish Gupta,Widow and Widower Mortality in India: A Research Note,Demography,Journal Article,1,Global,https://doi.org/10.1215/00703370-12177893,2025
2026-09-23,Rob Salguero-Gómez,Wildlife depredation stabilizes ecological-economic systems and can lead to improved economic outcomes,Preprint,Preprint,0,Global,https://doi.org/10.64898/2026.09.21.753200,2026
2025-07-12,Aashish Gupta,Will the Government Finally Acknowledge the Scale of India’s COVID-19 Tragedy?,Preprint,Preprint,1,Global,https://doi.org/10.31235/osf.io/uzqyp_v1,2025
2024-01-16,Antonino Polizzi,Working-age mortality is still an important driver of stagnating life expectancy in the United States,Proceedings of the National Academy of Sciences,Journal Article,11,Global,https://doi.org/10.1073/pnas.2318276121,2024
2024-05-24,Rob Salguero-Gómez,Worldwide diversity in mammalian life histories: Environmental realms and evolutionary adaptations,Ecology Letters,Journal Article,10,Global,https://doi.org/10.1111/ele.14445,2024
